{
  "help": "Aide",
  "requiredShortHelp": "Veuillez compléter ce champ.",
  "formatShortHelp": "Veuillez respecter le format demandé.",
  "fixedTitle": "Corrigé",
  "fixedShortHelp": "Contenu validé",
  "invalidDate": "Date non valide",
  "ad": "Andorre",
  "ae": "Emirats arabes unis",
  "af": "Afghanistan",
  "ag": "Antigua-et-Barbuda",
  "ai": "Anguilla",
  "al": "Albanie",
  "am": "Arménie",
  "ao": "Angola",
  "aq": "Antarctique",
  "ar": "Argentine",
  "as": "Samoa américaines",
  "at": "Autriche",
  "au": "Australie",
  "aw": "Aruba",
  "ax": "Iles Åland",
  "az": "Azerbaïdjan",
  "ba": "Bosnie-Herzégovine",
  "bb": "Barbade",
  "bd": "Bangladesh",
  "be": "Belgique",
  "bf": "Burkina Faso",
  "bg": "Bulgarie",
  "bh": "Bahreïn",
  "bi": "Burundi",
  "bj": "Bénin",
  "bl": "Saint-Barthélemy",
  "bm": "Bermudes",
  "bn": "Brunei Darussalam",
  "bo": "Bolivie",
  "bq": "Bonaire, Saint-Eustache et Saba",
  "br": "Brésil",
  "bs": "Bahamas",
  "bt": "Bhoutan",
  "bv": "Ile Bouvet",
  "bw": "Botswana",
  "by": "Biélorussie",
  "bz": "Belize",
  "ca": "Canada",
  "cc": "Iles Cocos (Keeling)",
  "cd": "République démocratique du Congo",
  "cf": "République centrafricaine",
  "cg": "Congo",
  "ch": "Suisse",
  "ci": "Côte d'Ivoire",
  "ck": "Iles Cook",
  "cl": "Chili",
  "cm": "Cameroun",
  "cn": "Chine",
  "co": "Colombie",
  "cr": "Costa Rica",
  "cu": "Cuba",
  "cv": "Cap-Vert",
  "cw": "Curaçao",
  "cx": "Ile Christmas",
  "cy": "Chypre",
  "cz": "République tchèque",
  "de": "Allemagne",
  "dj": "Djibouti",
  "dk": "Danemark",
  "dm": "Dominique",
  "do": "République dominicaine",
  "dz": "Algérie",
  "ec": "Equateur",
  "ee": "Estonie",
  "eg": "Egypte",
  "eh": "Sahara occidental",
  "er": "Erythrée",
  "es": "Espagne",
  "et": "Ethiopie",
  "fi": "Finlande",
  "fj": "Fidji",
  "fk": "Iles Malouines",
  "fm": "Etats fédérés de Micronésie",
  "fo": "Iles Féroé",
  "fr": "France",
  "ga": "Gabon",
  "gb": "Royaume-Uni",
  "gb-eng": "Angleterre",
  "gb-nir": "Irlande du Nord",
  "gb-sct": "Ecosse",
  "gb-wls": "Pays de Galles",
  "gd": "Grenade",
  "ge": "Géorgie",
  "gf": "Guyane française",
  "gg": "Guernesey",
  "gh": "Ghana",
  "gi": "Gibraltar",
  "gl": "Groenland",
  "gm": "Gambie",
  "gn": "Guinée",
  "gp": "Guadeloupe",
  "gq": "Guinée équatoriale",
  "gr": "Grèce",
  "gs": "Géorgie du Sud-et-les îles Sandwich du Sud",
  "gt": "Guatemala",
  "gu": "Guam",
  "gw": "Guinée-Bissau",
  "gy": "Guyane",
  "hk": "Hong Kong",
  "hm": "Iles Heard-et-MacDonald",
  "hn": "Honduras",
  "hr": "Croatie",
  "ht": "Haïti",
  "hu": "Hongrie",
  "id": "Indonésie",
  "ie": "Irlande",
  "il": "Israël",
  "im": "Ile de Man",
  "in": "Inde",
  "io": "Territoire britannique de l'océan Indien",
  "iq": "Irak",
  "ir": "Iran, République islamique d'",
  "is": "Islande",
  "it": "Italie",
  "je": "Jersey",
  "jm": "Jamaïque",
  "jo": "Jordanie",
  "jp": "Japon",
  "ke": "Kenya",
  "kg": "Kirghizistan",
  "kh": "Cambodge",
  "ki": "Kiribati",
  "km": "Comores",
  "kn": "Saint-Kitts-et-Nevis",
  "kp": "Corée, République populaire démocratique de",
  "kr": "République de Corée",
  "kw": "Koweït",
  "ky": "Iles Caïmans",
  "kz": "Kazakhstan",
  "la": "République démocratique populaire lao",
  "lb": "Liban",
  "lc": "Sainte-Lucie",
  "li": "Liechtenstein",
  "lk": "Sri Lanka",
  "lr": "Liberia",
  "ls": "Lesotho",
  "lt": "Lituanie",
  "lu": "Luxembourg",
  "lv": "Lettonie",
  "ly": "Libye",
  "ma": "Maroc",
  "mc": "Monaco",
  "md": "Moldavie, République de",
  "me": "Monténégro",
  "mf": "Saint-Martin (territoire français)",
  "mg": "Madagascar",
  "mh": "Iles Marshall",
  "mk": "Macédoine du Nord",
  "ml": "Mali",
  "mm": "Myanmar",
  "mn": "Mongolie",
  "mo": "Macao",
  "mp": "Iles Mariannes du Nord",
  "mq": "Martinique",
  "mr": "Mauritanie",
  "ms": "Montserrat",
  "mt": "Malte",
  "mu": "Maurice",
  "mv": "Maldives",
  "mw": "Malawi",
  "mx": "Mexique",
  "my": "Malaisie",
  "mz": "Mozambique",
  "na": "Namibie",
  "nc": "Nouvelle-Calédonie",
  "ne": "Niger",
  "nf": "Ile Norfolk",
  "ng": "Nigeria",
  "ni": "Nicaragua",
  "nl": "Pays-Bas",
  "no": "Norvège",
  "np": "Népal",
  "nr": "Nauru",
  "nu": "Niue",
  "nz": "Nouvelle-Zélande",
  "om": "Oman",
  "pa": "Panama",
  "pe": "Pérou",
  "pf": "Polynésie française",
  "pg": "Papouasie-Nouvelle-Guinée",
  "ph": "Philippines",
  "pk": "Pakistan",
  "pl": "Pologne",
  "pm": "Saint-Pierre-et-Miquelon",
  "pn": "Pitcairn",
  "pr": "Porto Rico",
  "ps": "Palestine, Etat de",
  "pt": "Portugal",
  "pw": "Palaos",
  "py": "Paraguay",
  "qa": "Qatar",
  "re": "La Réunion",
  "ro": "Roumanie",
  "rs": "Serbie",
  "ru": "Fédération de Russie",
  "rw": "Rwanda",
  "sa": "Arabie saoudite",
  "sb": "Iles Salomon",
  "sc": "Seychelles",
  "sd": "Soudan",
  "se": "Suède",
  "sg": "Singapour",
  "sh": "Sainte-Hélène, Ascension et Tristan da Cunha",
  "si": "Slovénie",
  "sj": "Svalbard et Jan Mayen",
  "sk": "Slovaquie",
  "sl": "Sierra Leone",
  "sm": "Saint-Marin",
  "sn": "Sénégal",
  "so": "Somalie",
  "sr": "Suriname",
  "ss": "Soudan du Sud",
  "st": "Sao Tomé-et-Principe",
  "sv": "Salvador",
  "sx": "Sint Maarten (territoire des Pays-Bas)",
  "sy": "Syrie",
  "sz": "Eswatini",
  "tc": "Iles Turques-et-Caïques",
  "td": "Tchad",
  "tf": "Terres australes françaises",
  "tg": "Togo",
  "th": "Thaïlande",
  "tj": "Tadjikistan",
  "tk": "Tokelau",
  "tl": "Timor oriental",
  "tm": "Turkménistan",
  "tn": "Tunisie",
  "to": "Tonga",
  "tr": "Turquie",
  "tt": "Trinité-et-Tobago",
  "tv": "Tuvalu",
  "tw": "Taïwan",
  "tz": "Tanzanie, République unie de",
  "ua": "Ukraine",
  "ug": "Ouganda",
  "um": "Iles mineures éloignées des Etats-Unis",
  "us": "Etats-Unis",
  "uy": "Uruguay",
  "uz": "Ouzbékistan",
  "va": "Saint-Siège",
  "vc": "Saint-Vincent-et-les-Grenadines",
  "ve": "Venezuela",
  "vg": "Iles Vierges britanniques",
  "vi": "Iles Vierges des Etats-Unis",
  "vn": "Vietnam",
  "vu": "Vanuatu",
  "wf": "Wallis-et-Futuna",
  "ws": "Samoa",
  "xk": "Kosovo",
  "ye": "Yémen",
  "yt": "Mayotte",
  "za": "Afrique du Sud",
  "zm": "Zambie",
  "zw": "Zimbabwe"
}
