{
  "help": "Guida",
  "requiredShortHelp": "Completa questo campo",
  "formatShortHelp": "Far corrispondere il formato richiesto",
  "fixedTitle": "Corretto",
  "fixedShortHelp": "Contenuto convalidato",
  "invalidDate": "Data non valida",
  "ad": "Andorra",
  "ae": "Emirati Arabi Uniti",
  "af": "Afghanistan",
  "ag": "Antigua e Barbuda",
  "ai": "Anguilla",
  "al": "Albania",
  "am": "Armenia",
  "ao": "Angola",
  "aq": "Antartide",
  "ar": "Argentina",
  "as": "Samoa americane",
  "at": "Austria",
  "au": "Australia",
  "aw": "Aruba",
  "ax": "Isole Åland",
  "az": "Azerbaigian",
  "ba": "Bosnia ed Erzegovina",
  "bb": "Barbados",
  "bd": "Bangladesh",
  "be": "Belgio",
  "bf": "Burkina Faso",
  "bg": "Bulgaria",
  "bh": "Bahrein",
  "bi": "Burundi",
  "bj": "Benin",
  "bl": "Saint Barthélemy",
  "bm": "Bermuda",
  "bn": "Brunei",
  "bo": "Bolivia",
  "bq": "Bonaire, Sint Eustatius e Saba",
  "br": "Brasile",
  "bs": "Bahamas",
  "bt": "Bhutan",
  "bv": "Isola Bouvet",
  "bw": "Botswana",
  "by": "Bielorussia",
  "bz": "Belize",
  "ca": "Canada",
  "cc": "Isole Cocos (Keeling)",
  "cd": "Congo (Repubblica democratica del)",
  "cf": "Repubblica Centrafricana",
  "cg": "Congo",
  "ch": "Svizzera",
  "ci": "Costa d'Avorio",
  "ck": "Isole Cook",
  "cl": "Cile",
  "cm": "Camerun",
  "cn": "Cina",
  "co": "Colombia",
  "cr": "Costa Rica",
  "cu": "Cuba",
  "cv": "Capo Verde",
  "cw": "Curaçao",
  "cx": "Isola di Natale",
  "cy": "Cipro",
  "cz": "Repubblica Ceca",
  "de": "Germania",
  "dj": "Gibuti",
  "dk": "Danimarca",
  "dm": "Dominica",
  "do": "Repubblica Dominicana",
  "dz": "Algeria",
  "ec": "Ecuador",
  "ee": "Estonia",
  "eg": "Egitto",
  "eh": "Sahara Occidentale",
  "er": "Eritrea",
  "es": "Spagna",
  "et": "Etiopia",
  "fi": "Finlandia",
  "fj": "Figi",
  "fk": "Isole Falkland (Malvine)",
  "fm": "Stati Federati di Micronesia",
  "fo": "Isole Faroe",
  "fr": "Francia",
  "ga": "Gabon",
  "gb": "Regno Unito",
  "gb-eng": "Inghilterra",
  "gb-nir": "Irlanda del Nord",
  "gb-sct": "Scozia",
  "gb-wls": "Galles",
  "gd": "Grenada",
  "ge": "Georgia",
  "gf": "Guyana Francese",
  "gg": "Guernsey",
  "gh": "Ghana",
  "gi": "Gibilterra",
  "gl": "Groenlandia",
  "gm": "Gambia",
  "gn": "Guinea",
  "gp": "Guadalupa",
  "gq": "Guinea Equatoriale",
  "gr": "Grecia",
  "gs": "Georgia del Sud e Sandwich Australi",
  "gt": "Guatemala",
  "gu": "Guam",
  "gw": "Guinea-Bissau",
  "gy": "Guyana",
  "hk": "Hong Kong",
  "hm": "Isole Heard e McDonald",
  "hn": "Honduras",
  "hr": "Croazia",
  "ht": "Haiti",
  "hu": "Ungheria",
  "id": "Indonesia",
  "ie": "Irlanda",
  "il": "Israele",
  "im": "Isola di Man",
  "in": "India",
  "io": "Territorio britannico dell'oceano Indiano",
  "iq": "Iraq",
  "ir": "Iran (Repubblica islamica dell')",
  "is": "Islanda",
  "it": "Italia",
  "je": "Jersey",
  "jm": "Giamaica",
  "jo": "Giordania",
  "jp": "Giappone",
  "ke": "Kenya",
  "kg": "Kirghizistan",
  "kh": "Cambogia",
  "ki": "Kiribati",
  "km": "Comore",
  "kn": "Saint Kitts e Nevis",
  "kp": "Corea (Repubblica democratica popolare di)",
  "kr": "Corea (Repubblica di)",
  "kw": "Kuwait",
  "ky": "Isole Cayman",
  "kz": "Kazakistan",
  "la": "Laos (Repubblica democratica popolare del)",
  "lb": "Libano",
  "lc": "Saint Lucia",
  "li": "Liechtenstein",
  "lk": "Sri Lanka",
  "lr": "Liberia",
  "ls": "Lesotho",
  "lt": "Lituania",
  "lu": "Lussemburgo",
  "lv": "Lettonia",
  "ly": "Libia",
  "ma": "Marocco",
  "mc": "Monaco",
  "md": "Moldavia (Repubblica di)",
  "me": "Montenegro",
  "mf": "Saint Martin (parte francese)",
  "mg": "Madagascar",
  "mh": "Isole Marshall",
  "mk": "Macedonia settentrionale",
  "ml": "Mali",
  "mm": "Myanmar",
  "mn": "Mongolia",
  "mo": "Macao",
  "mp": "Isole Marianne Settentrionali",
  "mq": "Martinica",
  "mr": "Mauritania",
  "ms": "Montserrat",
  "mt": "Malta",
  "mu": "Mauritius",
  "mv": "Maldive",
  "mw": "Malawi",
  "mx": "Messico",
  "my": "Malesia",
  "mz": "Mozambico",
  "na": "Namibia",
  "nc": "Nuova Caledonia",
  "ne": "Niger",
  "nf": "Isole Norfolk",
  "ng": "Nigeria",
  "ni": "Nicaragua",
  "nl": "Paesi Bassi",
  "no": "Norvegia",
  "np": "Nepal",
  "nr": "Nauru",
  "nu": "Niue",
  "nz": "Nuova Zelanda",
  "om": "Oman",
  "pa": "Panama",
  "pe": "Marrone chiaro",
  "pf": "Polinesia Francese",
  "pg": "Papua Nuova Guinea",
  "ph": "Filippine",
  "pk": "Pakistan",
  "pl": "Polonia",
  "pm": "Saint-Pierre e Miquelon",
  "pn": "Pitcairn",
  "pr": "Portorico",
  "ps": "Palestina (Stato di)",
  "pt": "Portogallo",
  "pw": "Palau",
  "py": "Paraguay",
  "qa": "Qatar",
  "re": "Réunion",
  "ro": "Romania",
  "rs": "Serbia",
  "ru": "Federazione russa",
  "rw": "Ruanda",
  "sa": "Arabia Saudita",
  "sb": "Isole Salomone",
  "sc": "Seychelles",
  "sd": "Sudan",
  "se": "Svezia",
  "sg": "Singapore",
  "sh": "Sant'Elena, Ascensione e Tristan da Cunha",
  "si": "Slovenia",
  "sj": "Svalbard e Jan Mayen",
  "sk": "Slovacchia",
  "sl": "Sierra Leone",
  "sm": "San Marino",
  "sn": "Senegal",
  "so": "Somalia",
  "sr": "Suriname",
  "ss": "Sudan del Sud",
  "st": "São Tomé e Principe",
  "sv": "El Salvador",
  "sx": "Sint Maarten (parte olandese)",
  "sy": "Repubblica araba siriana",
  "sz": "Eswatini",
  "tc": "Isole Turks e Caicos",
  "td": "Ciad",
  "tf": "Territori francesi meridionali",
  "tg": "Togo",
  "th": "Thailandia",
  "tj": "Tagikistan",
  "tk": "Tokelau",
  "tl": "Timor-Leste",
  "tm": "Turkmenistan",
  "tn": "Tunisia",
  "to": "Tonga",
  "tr": "Turchia",
  "tt": "Trinidad e Tobago",
  "tv": "Tuvalu",
  "tw": "Taiwan",
  "tz": "Tanzania (Repubblica Unita di)",
  "ua": "Ucraina",
  "ug": "Uganda",
  "um": "Altre isole americane del Pacifico",
  "us": "Stati Uniti",
  "uy": "Uruguay",
  "uz": "Uzbekistan",
  "va": "Santa Sede",
  "vc": "Saint Vincent e Grenadine",
  "ve": "Venezuela",
  "vg": "Isole Vergini (britanniche)",
  "vi": "Isole Vergini (statunitensi)",
  "vn": "Vietnam",
  "vu": "Vanuatu",
  "wf": "Wallis e Futuna",
  "ws": "Samoa",
  "xk": "Kosovo",
  "ye": "Yemen",
  "yt": "Mayotte",
  "za": "Sudafrica",
  "zm": "Zambia",
  "zw": "Zimbabwe"
}
