{
  "addressLine1": "Wiersz adresu ",
  "addressLine1Error": "Ten adres jest nieprawidłowy, zmień go",
  "addressLine2": "Wiersz adresu ",
  "addressLine2Error": "Ten adres jest nieprawidłowy, zmień go",
  "addressLine3": "Wiersz adresu ",
  "addressLine3Error": "Ten adres jest nieprawidłowy, zmień go",
  "addressLine4": "Wiersz adresu ",
  "addressLine4Error": "Ten adres jest nieprawidłowy, zmień go",
  "city": "Miasto",
  "cityError": "To miasto jest nieprawidłowe, zmień je",
  "county": "Powiat",
  "countyError": "Ten kraj jest nieprawidłowy, zmień go",
  "invalidAddress": "Ten adres wydaje się nieprawidłowy, zaktualizuj go.",
  "invalidTaxArea": "Nie można użyć tego adresu. Nie jesteśmy w stanie określić jurysdykcji podatkowej, zaktualizuj ją.",
  "state": "Stan",
  "stateError": "Ten stan jest nieprawidłowy, zmień go",
  "postalCode": "Kod pocztowy",
  "postalCodeError": "Ten kod pocztowy jest nieprawidłowy, zmień go",
  "inCityLimits": "W granicach miasta",
  "geoCode": "Kod geograficzny",
  "geoCodeError": "Ten kod geograficzny jest nieprawidłowy, zmień go",
  "country": "Kraj",
  "countryError": "Kraj jest wymagany",
  "statePlaceholder": "Wybierz województwo",
  "countyPlaceholder": "Wybierz powiat",
  "selectCountry": "Wybierz kraj",
  "labelAddressLine1": "Wiersz adresu 1",
  "labelAddressLine2": "Wiersz adresu 2",
  "labelAddressLine3": "Wiersz adresu 3",
  "labelAddressLine4": "Wiersz adresu 4",
  "phoneNumber": "Numer telefonu",
  "supportOnly": "(wyłącznie do celów pomocy technicznej)",
  "errorFieldRequired": "Pole jest wymagane",
  "isRequiredError": "Pole {name} jest wymagane",
  "isInvalidError": "Pole {name} jest nieprawidłowe",
  "notAvailable": "ND",
  "USAAK": "Alaska",
  "USAAL": "Alabama",
  "USAAR": "Arkansas",
  "USAAS": "Samoa Amerykańskie",
  "USAAZ": "Arizona",
  "USACA": "Kalifornia",
  "USACO": "Kolorado",
  "USACT": "Connecticut",
  "USADC": "Dystrykt Kolumbii",
  "USADE": "Delaware",
  "USAFL": "Floryda",
  "USAGA": "Gruzja",
  "USAGU": "Guam",
  "USAHI": "Hawaje",
  "USAIA": "Iowa",
  "USAID": "Idaho",
  "USAIL": "Illinois",
  "USAIN": "Indiana",
  "USAKS": "Kansas",
  "USAKY": "Kentucky",
  "USALA": "Luizjana",
  "USAMA": "Massachusetts",
  "USAMD": "Maryland",
  "USAME": "Maine",
  "USAMI": "Michigan",
  "USAMN": "Minnesota",
  "USAMO": "Missouri",
  "USAMS": "Mississippi",
  "USAMT": "Montana",
  "USANC": "Karolina Północna",
  "USAND": "Dakota Północna",
  "USANE": "Nebraska",
  "USANH": "New Hampshire",
  "USANJ": "New Jersey",
  "USANM": "Nowy Meksyk",
  "USANV": "Nevada",
  "USANY": "Nowy Jork",
  "USAOH": "Ohio",
  "USAOK": "Oklahoma",
  "USAOR": "Oregon",
  "USAPA": "Pensylwania",
  "USAPR": "Portoryko",
  "USARI": "Rhode Island",
  "USASC": "Karolina Północna",
  "USASD": "Dakota Północna",
  "USATN": "Tennessee",
  "USATX": "Teksas",
  "USAUT": "Utah",
  "USAVA": "Wirginia",
  "USAVI": "Wyspy Dziewicze",
  "USAVT": "Vermont",
  "USAWA": "Waszyngton",
  "USAWI": "Wisconsin",
  "USAWV": "Wirginia Zachodnia",
  "USAWY": "Wyoming",
  "CANAB": "Alberta",
  "CANBC": "Kolumbia Brytyjska",
  "CANMB": "Manitoba",
  "CANNB": "Nowy Brunszwik",
  "CANNN": "Nunavut",
  "CANNL": "Nowa Fundlandia i Labrador",
  "CANNS": "Nowa Szkocja",
  "CANNT": "Terytoria Północno-Zachodnie",
  "CANON": "Ontario",
  "CANPE": "Wyspa Księcia Edwarda",
  "CANQC": "Quebec",
  "CANSK": "Saskatchewan",
  "CANYT": "Terytorium Jukon",
  "JPN01": "Hokkaido",
  "JPN02": "Aomori",
  "JPN03": "Iwate",
  "JPN04": "Miyagi",
  "JPN05": "Akita",
  "JPN06": "Yamagata",
  "JPN07": "Fukushima",
  "JPN08": "Ibaraki",
  "JPN09": "Tochigi",
  "JPN10": "Gunma",
  "JPN11": "Saitama",
  "JPN12": "Chiba",
  "JPN13": "Tokio",
  "JPN14": "Kanagawa",
  "JPN15": "Niigata",
  "JPN16": "Toyama",
  "JPN17": "Ishikawa",
  "JPN18": "Fukui",
  "JPN19": "Yamanashi",
  "JPN20": "Nagano",
  "JPN21": "Gifu",
  "JPN22": "Shizuoka",
  "JPN23": "Aichi",
  "JPN24": "Mie",
  "JPN25": "Shiga",
  "JPN26": "Kioto",
  "JPN27": "Osaka",
  "JPN28": "Hyogo",
  "JPN29": "Nara",
  "JPN30": "Wakayama",
  "JPN31": "Tottori",
  "JPN32": "Shimane",
  "JPN33": "Okayama",
  "JPN34": "Hiroszima",
  "JPN35": "Yamaguchi",
  "JPN36": "Tokushima",
  "JPN37": "Kagawa",
  "JPN38": "Ehime",
  "JPN39": "Kochi",
  "JPN40": "Fukuoka",
  "JPN41": "Saga",
  "JPN42": "Nagasaki",
  "JPN43": "Kumamoto",
  "JPN44": "Oita",
  "JPN45": "Miyazaki",
  "JPN46": "Kagoshima",
  "JPN47": "Okinawa",
  "INDAN": "Andamany i Nikobary (UT)",
  "INDAP": "Andhra Pradesh",
  "INDAR": "Arunachal Pradesh",
  "INDAS": "Assam",
  "INDBR": "Bihar",
  "INDCH": "Czandigarh (UT)",
  "INDCT": "Chhattisgarh",
  "INDDH": "Dadra, Nagarhaweli, Daman i Diu (UT)",
  "INDDL": "Delhi (UT)",
  "INDGA": "Goa",
  "INDGJ": "Gudźarat",
  "INDHP": "Himachal Pradesh",
  "INDHR": "Hariana",
  "INDJH": "Jharkhand",
  "INDJK": "Dżammu i Kaszmir (UT)",
  "INDKA": "Karnataka",
  "INDKL": "Kerala",
  "INDLA": "Ladakh (UT)",
  "INDLD": "Lakszadiwy (UT)",
  "INDMH": "Maharasztra",
  "INDML": "Meghalaya",
  "INDMN": "Manipur",
  "INDMP": "Madhya Pradesh",
  "INDMZ": "Mizoram",
  "INDNL": "Nagaland",
  "INDOR": "Orisa",
  "INDPB": "Pendżab",
  "INDPY": "Puducherry (UT)",
  "INDRJ": "Radżastan",
  "INDSK": "Sikkim",
  "INDTG": "Telangana",
  "INDTN": "Tamilnadu",
  "INDTR": "Tripura",
  "INDUP": "Uttar Pradesh",
  "INDUT": "Uttarakhand",
  "INDWB": "Bengal Zachodni",
  "MEXAG": "Aguascalientes",
  "MEXBC": "Kalifornia Dolna",
  "MEXBS": "Kalifornia Dolna Południowa",
  "MEXCH": "Chihuahua",
  "MEXCL": "Colima",
  "MEXCM": "Campeche",
  "MEXCO": "Coahuila",
  "MEXCS": "Chiapas",
  "MEXDF": "Dystryk Federalny",
  "MEXDG": "Durango",
  "MEXGR": "Guerrero",
  "MEXGT": "Guanajuato",
  "MEXHG": "Hidalgo",
  "MEXJA": "Jalisco",
  "MEXME": "Meksyk (stan)",
  "MEXMI": "Michoacán",
  "MEXMO": "Morelos",
  "MEXNA": "Nayarit",
  "MEXNL": "Nuevo León",
  "MEXOA": "Oaxaca",
  "MEXPB": "Puebla",
  "MEXQE": "Querétaro",
  "MEXQR": "Quintana Roo",
  "MEXSI": "Sinaloa",
  "MEXSL": "San Luis Potosí",
  "MEXSO": "Sonora",
  "MEXTB": "Tabasco",
  "MEXTL": "Tlaxcala",
  "MEXTM": "Tamaulipas",
  "MEXVE": "Veracruz",
  "MEXYU": "Jukatan",
  "MEXZA": "Zacatecas",
  "CHEAG": "Aargau",
  "CHEAR": "Appenzell Ausserrhoden",
  "CHEAI": "Appenzell Innerrhoden",
  "CHEBL": "Basel-Landschaft",
  "CHEBS": "Basel-Stadt",
  "CHEBE": "Berno",
  "CHEFR": "Freiburg",
  "CHEGL": "Glarus",
  "CHEGR": "Graubünden",
  "CHELU": "Lucerna",
  "CHENW": "Nidwalden",
  "CHEOW": "Obwalden",
  "CHESG": "St. Gallen",
  "CHESH": "Schaffhausen",
  "CHESZ": "Schwyz",
  "CHESO": "Solothurn",
  "CHETG": "Thurgau",
  "CHEUR": "Uri",
  "CHEVS": "Wallis",
  "CHEZG": "Zug",
  "CHEZH": "Zurych",
  "CHEGE": "Genewa",
  "CHEJU": "Jura",
  "CHENE": "Neuchâtel",
  "CHEVD": "Vaud",
  "CHETI": "Ticino",
  "taxRegistrationId": "Numer identyfikacji podatkowej",
  ":": ": ",
  "delete": "Usuń"
}
