{
  "addressLine1": "Línea de dirección ",
  "addressLine1Error": "Esta dirección no es válida, cámbiela",
  "addressLine2": "Línea de dirección ",
  "addressLine2Error": "Esta dirección no es válida, cámbiela",
  "addressLine3": "Línea de dirección ",
  "addressLine3Error": "Esta dirección no es válida, cámbiela",
  "addressLine4": "Línea de dirección ",
  "addressLine4Error": "Esta dirección no es válida, cámbiela",
  "city": "Ciudad",
  "cityError": "Esta ciudad no es válida, cámbiela",
  "county": "Condado",
  "countyError": "Este condado no es válido, cámbielo",
  "invalidAddress": "Parece que esta dirección no es válida, actualícela.",
  "invalidTaxArea": "No se puede utilizar esta dirección. No es posible determinar las jurisdicciones fiscales, actualícela.",
  "state": "Estado",
  "stateError": "Este estado no es válido, cámbielo",
  "postalCode": "Código postal",
  "postalCodeError": "Este código postal no es válido, cámbielo",
  "inCityLimits": "Dentro de la ciudad",
  "geoCode": "Geocódigo",
  "geoCodeError": "Este geocódigo no es válido, cámbielo",
  "country": "País",
  "countryError": "El país es obligatorio",
  "statePlaceholder": "Seleccione un estado",
  "countyPlaceholder": "Seleccione un país",
  "selectCountry": "Seleccionar un país",
  "labelAddressLine1": "Línea de dirección 1",
  "labelAddressLine2": "Línea de dirección 2",
  "labelAddressLine3": "Línea de dirección 3",
  "labelAddressLine4": "Línea de dirección 4",
  "phoneNumber": "Número de teléfono",
  "supportOnly": "(solo con fines de asistencia)",
  "errorFieldRequired": "El campo es obligatorio",
  "isRequiredError": "El campo {name} es obligatorio",
  "isInvalidError": "El campo {name} no es válido",
  "notAvailable": "N/D",
  "USAAK": "Alaska",
  "USAAL": "Alabama",
  "USAAR": "Arkansas",
  "USAAS": "Samoa Americana",
  "USAAZ": "Arizona",
  "USACA": "California",
  "USACO": "Colorado",
  "USACT": "Connecticut",
  "USADC": "Distrito de Columbia",
  "USADE": "Delaware",
  "USAFL": "Florida",
  "USAGA": "Georgia",
  "USAGU": "Guam",
  "USAHI": "Hawái",
  "USAIA": "Iowa",
  "USAID": "Idaho",
  "USAIL": "Illinois",
  "USAIN": "Indiana",
  "USAKS": "Kansas",
  "USAKY": "Kentucky",
  "USALA": "Luisiana",
  "USAMA": "Massachusetts",
  "USAMD": "Maryland",
  "USAME": "Maine",
  "USAMI": "Míchigan",
  "USAMN": "Minnesota",
  "USAMO": "Misuri",
  "USAMS": "Misisipi",
  "USAMT": "Montana",
  "USANC": "Carolina del Norte",
  "USAND": "Dakota del Norte",
  "USANE": "Nebraska",
  "USANH": "Nuevo Hampshire",
  "USANJ": "Nueva Jersey",
  "USANM": "Nuevo México",
  "USANV": "Nevada",
  "USANY": "Nueva York",
  "USAOH": "Ohio",
  "USAOK": "Oklahoma",
  "USAOR": "Oregón",
  "USAPA": "Pensilvania",
  "USAPR": "Puerto Rico",
  "USARI": "Rhode Island",
  "USASC": "Carolina del Sur",
  "USASD": "Dakota del Sur",
  "USATN": "Tennessee",
  "USATX": "Texas",
  "USAUT": "Utah",
  "USAVA": "Virginia",
  "USAVI": "Islas Vírgenes",
  "USAVT": "Vermont",
  "USAWA": "Washington",
  "USAWI": "Wisconsin",
  "USAWV": "Virginia Occidental",
  "USAWY": "Wyoming",
  "CANAB": "Alberta",
  "CANBC": "Columbia Británica",
  "CANMB": "Manitoba",
  "CANNB": "Nuevo Brunswick",
  "CANNN": "Nunavut",
  "CANNL": "Terranova y Labrador",
  "CANNS": "Nueva Escocia",
  "CANNT": "Territorios del Noroeste",
  "CANON": "Ontario",
  "CANPE": "Isla del Príncipe Eduardo",
  "CANQC": "Quebec",
  "CANSK": "Saskátchewan",
  "CANYT": "Yukón",
  "JPN01": "Hokkaido",
  "JPN02": "Aomori",
  "JPN03": "Iwate",
  "JPN04": "Miyagi",
  "JPN05": "Akita",
  "JPN06": "Yamagata",
  "JPN07": "Fukushima",
  "JPN08": "Ibaraki",
  "JPN09": "Tochigi",
  "JPN10": "Gunma",
  "JPN11": "Saitama",
  "JPN12": "Chiba",
  "JPN13": "Tokio",
  "JPN14": "Kanagawa",
  "JPN15": "Niigata",
  "JPN16": "Toyama",
  "JPN17": "Ishikawa",
  "JPN18": "Fukui",
  "JPN19": "Yamanashi",
  "JPN20": "Nagano",
  "JPN21": "Gifu",
  "JPN22": "Shizuoka",
  "JPN23": "Aichi",
  "JPN24": "Mie",
  "JPN25": "Shiga",
  "JPN26": "Kioto",
  "JPN27": "Osaka",
  "JPN28": "Hyogo",
  "JPN29": "Nara",
  "JPN30": "Wakayama",
  "JPN31": "Tottori",
  "JPN32": "Shimane",
  "JPN33": "Okayama",
  "JPN34": "Hiroshima",
  "JPN35": "Yamaguchi",
  "JPN36": "Tokushima",
  "JPN37": "Kagawa",
  "JPN38": "Ehime",
  "JPN39": "Kochi",
  "JPN40": "Fukuoka",
  "JPN41": "Saga",
  "JPN42": "Nagasaki",
  "JPN43": "Kumamoto",
  "JPN44": "Oita",
  "JPN45": "Miyazaki",
  "JPN46": "Kagoshima",
  "JPN47": "Okinawa",
  "INDAN": "Andamán y Nicobar (UT)",
  "INDAP": "Andhra Pradesh",
  "INDAR": "Arunachal Pradesh",
  "INDAS": "Assam",
  "INDBR": "Bihar",
  "INDCH": "Chandigarh (UT)",
  "INDCT": "Chhattisgarh",
  "INDDH": "Dādra y Nagar Haveli y Damān y Diu (UT)",
  "INDDL": "Delhi (UT)",
  "INDGA": "Goa",
  "INDGJ": "Guyarat",
  "INDHP": "Himachal Pradesh",
  "INDHR": "Haryana",
  "INDJH": "Jharkhand",
  "INDJK": "Jammu y Cachemira (UT)",
  "INDKA": "Karnataka",
  "INDKL": "Kerala",
  "INDLA": "Ladākh (UT)",
  "INDLD": "Laquedivas (UT)",
  "INDMH": "Maharastra",
  "INDML": "Megalaya",
  "INDMN": "Manipur",
  "INDMP": "Madhya Pradesh",
  "INDMZ": "Mizorán",
  "INDNL": "Nagaland",
  "INDOR": "Odisha",
  "INDPB": "Punyab",
  "INDPY": "Puducherry (UT)",
  "INDRJ": "Rajastán",
  "INDSK": "Sikkim",
  "INDTG": "Telangana",
  "INDTN": "Tamil Nadu",
  "INDTR": "Tripura",
  "INDUP": "Uttar Pradesh",
  "INDUT": "Uttarākhand",
  "INDWB": "Bengala Occidental",
  "MEXAG": "Aguascalientes",
  "MEXBC": "Baja California",
  "MEXBS": "Baja California Sur",
  "MEXCH": "Chihuahua",
  "MEXCL": "Colima",
  "MEXCM": "Campeche",
  "MEXCO": "Coahuila",
  "MEXCS": "Chiapas",
  "MEXDF": "Distrito Federal",
  "MEXDG": "Durango",
  "MEXGR": "Guerrero",
  "MEXGT": "Guanajuato",
  "MEXHG": "Hidalgo",
  "MEXJA": "Jalisco",
  "MEXME": "Estado de México",
  "MEXMI": "Michoacán",
  "MEXMO": "Morelos",
  "MEXNA": "Nayarit",
  "MEXNL": "Nuevo León",
  "MEXOA": "Oaxaca",
  "MEXPB": "Puebla",
  "MEXQE": "Querétaro",
  "MEXQR": "Quintana Roo",
  "MEXSI": "Sinaloa",
  "MEXSL": "San Luis Potosí",
  "MEXSO": "Sonora",
  "MEXTB": "Tabasco",
  "MEXTL": "Tlaxcala",
  "MEXTM": "Tamaulipas",
  "MEXVE": "Veracruz",
  "MEXYU": "Yucatán",
  "MEXZA": "Zacatecas",
  "CHEAG": "Argovia",
  "CHEAR": "Appenzell Rodas Exteriores",
  "CHEAI": "Appenzell Rodas Interiores",
  "CHEBL": "Basilea-Campiña",
  "CHEBS": "Basilea-Ciudad",
  "CHEBE": "Berna",
  "CHEFR": "Friburgo",
  "CHEGL": "Glaris",
  "CHEGR": "Grisones",
  "CHELU": "Lucerna",
  "CHENW": "Nidwalden",
  "CHEOW": "Obwalden",
  "CHESG": "San Galo",
  "CHESH": "Schaffhausen",
  "CHESZ": "Schwyz",
  "CHESO": "Soleura",
  "CHETG": "Turgovia",
  "CHEUR": "Uri",
  "CHEVS": "Valais",
  "CHEZG": "Zug",
  "CHEZH": "Zúrich",
  "CHEGE": "Ginebra",
  "CHEJU": "Jura",
  "CHENE": "Neuchâtel",
  "CHEVD": "Vaud",
  "CHETI": "Tesino",
  "taxRegistrationId": "ID de registro fiscal",
  ":": ": ",
  "delete": "Eliminar"
}
